{"double": [[10.443048375105343, 28.753902886233153, 6.400101836085787, -2.653743903078031, -7.870588861895429], [10.987799978324912, 61.55296628545909, -55.420204429437135, -2.653743903078031, -7.870588861895429]], "single": [10.443048375105343, 28.753902886233153, 6.400101836085787, -2.653743903078031, -7.870588861895429]}