{"double": [[-2.244025911801606, 10.296567808904307, 5.621539469848367, 5.118665567394434, 4.296526451930431], [23.726835281742307, 69.10485452355525, 33.27882356449133, 5.118665567394434, 4.296526451930431]], "single": [-2.244025911801606, 10.296567808904307, 5.621539469848367, 5.118665567394434, 4.296526451930431]}