{"double": [[2.487194353323067, -1.9727478507062308, 12.62164480703348, -2.020977989921733, 5.557636536702345], [-44.654148324067144, 39.838472342811144, -17.83063355503293, -2.020977989921733, 5.557636536702345]], "single": [2.487194353323067, -1.9727478507062308, 12.62164480703348, -2.020977989921733, 5.557636536702345]}