{"random": [0, 0.00604248046875, 0.0130615234375, 0.02008056640625, 0.026123046875, 0.03326416015625, 0.0382080078125, 0.04278564453125, 0.0472412109375, 0.05145263671875, 0.05694580078125, 0.0615234375, 0.06707763671875, 0.07275390625, 0.0782470703125, 0.08636474609375, 0.09234619140625, 0.09747314453125, 0.1029052734375, 0.1092529296875, 0.1143798828125, 0.119873046875, 0.1248779296875, 0.130126953125, 0.13385009765625, 0.13714599609375, 0.1424560546875, 0.14764404296875, 0.1561279296875, 0.161376953125, 0.1669921875, 0.17376708984375, 0.17864990234375, 0.18359375, 0.19012451171875, 0.19549560546875, 0.1986083984375, 0.2034912109375, 0.20892333984375, 0.213623046875, 0.21710205078125], "steps": [0.0, 245.0, 490.0, 735.0000000000001, 980.0, 1225.0, 1470.0000000000002, 1715.0000000000002, 1960.0, 2205.0, 2450.0, 2695.0, 2940.0000000000005, 3185.0, 3430.0000000000005, 3675.0, 3920.0, 4165.0, 4410.0, 4655.0, 4900.0, 5145.0, 5390.0, 5635.000000000001, 5880.000000000001, 6125.0, 6370.0, 6615.0, 6860.000000000001, 7105.000000000001, 7350.0, 7595.0, 7840.0, 8085.000000000001, 8330.0, 8575.0, 8820.0, 9065.0, 9310.0, 9555.0, 9800.0], "single": [0, 0.01068115234375, 0.01953125, 0.0269775390625, 0.0343017578125, 0.04156494140625, 0.0472412109375, 0.0546875, 0.0615234375, 0.068603515625, 0.07452392578125, 0.07965087890625, 0.0865478515625, 0.09100341796875, 0.0960693359375, 0.1024169921875, 0.107421875, 0.1126708984375, 0.1180419921875, 0.1236572265625, 0.12908935546875, 0.13446044921875, 0.13934326171875, 0.14276123046875, 0.14825439453125, 0.152587890625, 0.158447265625, 0.16455078125, 0.170654296875, 0.1773681640625, 0.1834716796875, 0.19091796875, 0.1988525390625, 0.204833984375, 0.21026611328125, 0.21710205078125, 0.2210693359375, 0.22589111328125, 0.231201171875, 0.238037109375, 0.243896484375], "double": [0, 0.0078125, 0.01702880859375, 0.02410888671875, 0.031494140625, 0.03717041015625, 0.043212890625, 0.0517578125, 0.055908203125, 0.06317138671875, 0.0687255859375, 0.0748291015625, 0.0806884765625, 0.0872802734375, 0.09356689453125, 0.099365234375, 0.10626220703125, 0.1142578125, 0.11968994140625, 0.12689208984375, 0.13140869140625, 0.1385498046875, 0.14422607421875, 0.151123046875, 0.15814208984375, 0.162841796875, 0.1685791015625, 0.17498779296875, 0.1785888671875, 0.18634033203125, 0.1907958984375, 0.197021484375, 0.19989013671875, 0.20538330078125, 0.21044921875, 0.2159423828125, 0.21978759765625, 0.22601318359375, 0.23126220703125, 0.2371826171875, 0.24078369140625]}