{"random": [0, 0.0059814453125, 0.013427734375, 0.0208740234375, 0.02655029296875, 0.03271484375, 0.039306640625, 0.04437255859375, 0.04986572265625, 0.05462646484375, 0.059814453125, 0.06488037109375, 0.0704345703125, 0.0770263671875, 0.08233642578125, 0.0899658203125, 0.0963134765625, 0.10198974609375, 0.10760498046875, 0.11358642578125, 0.11810302734375, 0.123291015625, 0.12835693359375, 0.13250732421875, 0.1373291015625, 0.141357421875, 0.14630126953125, 0.1513671875, 0.15869140625, 0.1632080078125, 0.1685791015625, 0.17559814453125, 0.18011474609375, 0.18475341796875, 0.18939208984375, 0.19451904296875, 0.1986083984375, 0.20440673828125, 0.20947265625, 0.214111328125, 0.2181396484375], "steps": [0.0, 245.0, 490.0, 735.0000000000001, 980.0, 1225.0, 1470.0000000000002, 1715.0000000000002, 1960.0, 2205.0, 2450.0, 2695.0, 2940.0000000000005, 3185.0, 3430.0000000000005, 3675.0, 3920.0, 4165.0, 4410.0, 4655.0, 4900.0, 5145.0, 5390.0, 5635.000000000001, 5880.000000000001, 6125.0, 6370.0, 6615.0, 6860.000000000001, 7105.000000000001, 7350.0, 7595.0, 7840.0, 8085.000000000001, 8330.0, 8575.0, 8820.0, 9065.0, 9310.0, 9555.0, 9800.0], "single": [0, 0.00543212890625, 0.01361083984375, 0.02105712890625, 0.02764892578125, 0.03466796875, 0.04022216796875, 0.0460205078125, 0.0513916015625, 0.055908203125, 0.06402587890625, 0.0694580078125, 0.07611083984375, 0.0814208984375, 0.08551025390625, 0.09161376953125, 0.1002197265625, 0.108642578125, 0.11541748046875, 0.12249755859375, 0.12847900390625, 0.1343994140625, 0.140625, 0.14794921875, 0.1534423828125, 0.16021728515625, 0.16455078125, 0.16864013671875, 0.17425537109375, 0.181396484375, 0.1866455078125, 0.19219970703125, 0.19805908203125, 0.203369140625, 0.2109375, 0.217529296875, 0.22216796875, 0.2265625, 0.23065185546875, 0.23431396484375, 0.2398681640625], "double": [0, 0.0069580078125, 0.01287841796875, 0.01995849609375, 0.028076171875, 0.0357666015625, 0.04327392578125, 0.04876708984375, 0.055419921875, 0.0640869140625, 0.06976318359375, 0.07550048828125, 0.080078125, 0.08599853515625, 0.0904541015625, 0.0966796875, 0.1038818359375, 0.11016845703125, 0.11614990234375, 0.122802734375, 0.13128662109375, 0.13677978515625, 0.14178466796875, 0.1484375, 0.1541748046875, 0.15899658203125, 0.164306640625, 0.16949462890625, 0.17535400390625, 0.1812744140625, 0.1851806640625, 0.19281005859375, 0.19775390625, 0.204833984375, 0.20880126953125, 0.216552734375, 0.21917724609375, 0.2259521484375, 0.22955322265625, 0.23577880859375, 0.2401123046875]}