{"random": [0, 0.0025634765625, 0.0069580078125, 0.00970458984375, 0.01141357421875, 0.01300048828125, 0.01446533203125, 0.0157470703125, 0.01690673828125, 0.018310546875, 0.01959228515625, 0.02099609375, 0.02227783203125, 0.0252685546875, 0.0274658203125, 0.0322265625, 0.03515625, 0.037109375, 0.0386962890625, 0.0406494140625, 0.0426025390625, 0.04400634765625, 0.04522705078125, 0.04693603515625, 0.04827880859375, 0.0496826171875, 0.051025390625, 0.052734375, 0.05731201171875, 0.06134033203125, 0.06396484375, 0.0675048828125, 0.06866455078125, 0.07073974609375, 0.07269287109375, 0.0740966796875, 0.0750732421875, 0.07666015625, 0.0797119140625, 0.08197021484375, 0.08306884765625], "steps": [0.0, 245.0, 490.0, 735.0000000000001, 980.0, 1225.0, 1470.0000000000002, 1715.0000000000002, 1960.0, 2205.0, 2450.0, 2695.0, 2940.0000000000005, 3185.0, 3430.0000000000005, 3675.0, 3920.0, 4165.0, 4410.0, 4655.0, 4900.0, 5145.0, 5390.0, 5635.000000000001, 5880.000000000001, 6125.0, 6370.0, 6615.0, 6860.000000000001, 7105.000000000001, 7350.0, 7595.0, 7840.0, 8085.000000000001, 8330.0, 8575.0, 8820.0, 9065.0, 9310.0, 9555.0, 9800.0], "single": [0, 0.00286865234375, 0.006591796875, 0.00848388671875, 0.0103759765625, 0.01239013671875, 0.0167236328125, 0.02142333984375, 0.02398681640625, 0.0257568359375, 0.02801513671875, 0.03228759765625, 0.03546142578125, 0.0372314453125, 0.0389404296875, 0.04156494140625, 0.04473876953125, 0.04669189453125, 0.05029296875, 0.052978515625, 0.0548095703125, 0.05718994140625, 0.06011962890625, 0.06475830078125, 0.0672607421875, 0.06915283203125, 0.0714111328125, 0.07696533203125, 0.08251953125, 0.08477783203125, 0.08642578125, 0.0885009765625, 0.09326171875, 0.09625244140625, 0.09844970703125, 0.10003662109375, 0.1019287109375, 0.1038818359375, 0.10552978515625, 0.10943603515625, 0.11102294921875], "double": [0, 0.00238037109375, 0.005126953125, 0.008544921875, 0.0118408203125, 0.01580810546875, 0.0185546875, 0.02130126953125, 0.02313232421875, 0.02435302734375, 0.02703857421875, 0.03009033203125, 0.03363037109375, 0.038818359375, 0.043701171875, 0.04864501953125, 0.05194091796875, 0.05377197265625, 0.05609130859375, 0.057373046875, 0.059814453125, 0.06280517578125, 0.06610107421875, 0.07122802734375, 0.07373046875, 0.07806396484375, 0.0784912109375, 0.0811767578125, 0.08251953125, 0.0848388671875, 0.086669921875, 0.0889892578125, 0.09210205078125, 0.09429931640625, 0.0960693359375, 0.09869384765625, 0.1014404296875, 0.104736328125, 0.10809326171875, 0.11016845703125, 0.1119384765625]}